--
-- Base de données :  `laterine`
--

-- --------------------------------------------------------

--
-- Structure de la table `environment`
--

DROP TABLE IF EXISTS `environment`;
CREATE TABLE IF NOT EXISTS `environment` (
  `idEnvi` int(11) NOT NULL AUTO_INCREMENT,
  `idState` int(11) DEFAULT NULL,
  `idType` int(11) DEFAULT NULL,
  PRIMARY KEY (`idEnvi`),
  UNIQUE KEY `idState` (`idState`,`idType`)
) ENGINE=InnoDB AUTO_INCREMENT=128 DEFAULT CHARSET=utf8;

--
-- Déchargement des données de la table `environment`
--

INSERT INTO `environment` (`idEnvi`, `idState`, `idType`) VALUES
(1, 1, 1),
(2, 1, 2),
(3, 2, 1),
(4, 2, 2),
(5, 3, 1),
(6, 4, 2),
(7, 5, 1),
(8, 6, 2),
(9, 7, 1),
(10, 8, 2),
(11, 9, 1),
(12, 9, 2),
(13, 10, 1),
(14, 10, 2),
(15, 11, 1),
(16, 11, 2),
(17, 12, 1),
(18, 12, 2),
(19, 13, 1),
(20, 13, 2),
(21, 14, 1),
(22, 14, 2),
(23, 15, 1),
(24, 15, 2),
(25, 16, 1),
(26, 16, 2),
(27, 17, 1),
(28, 17, 2),
(29, 18, 1),
(30, 18, 2),
(31, 19, 1),
(32, 19, 2),
(33, 20, 1),
(34, 20, 2),
(35, 21, 1),
(36, 21, 2),
(37, 22, 1),
(38, 22, 2),
(39, 23, 1),
(40, 23, 2),
(41, 24, 1),
(42, 24, 2),
(43, 25, 1),
(44, 25, 2),
(45, 26, 1),
(46, 26, 2),
(47, 27, 1),
(48, 27, 2),
(49, 28, 1),
(50, 28, 2),
(51, 29, 1),
(52, 29, 2),
(53, 30, 1),
(54, 30, 2),
(55, 31, 1),
(56, 31, 2),
(57, 32, 1),
(58, 32, 2),
(59, 33, 1),
(60, 33, 2),
(61, 34, 1),
(62, 34, 2),
(63, 35, 1),
(64, 35, 2),
(65, 36, 1),
(66, 36, 2),
(67, 37, 1),
(68, 37, 2),
(69, 38, 1),
(70, 38, 2);

-- --------------------------------------------------------

--
-- Structure de la table `equipenvi`
--

DROP TABLE IF EXISTS `equipenvi`;
CREATE TABLE IF NOT EXISTS `equipenvi` (
  `idEnvi` int(11) DEFAULT NULL,
  `idEquip` int(11) DEFAULT NULL,
  UNIQUE KEY `idEnvi` (`idEnvi`,`idEquip`)
) ENGINE=InnoDB DEFAULT CHARSET=utf8;

--
-- Déchargement des données de la table `equipenvi`
--

INSERT INTO `equipenvi` (`idEnvi`, `idEquip`) VALUES
(1, 1),
(1, 2),
(2, 3),
(2, 4),
(3, 5),
(4, 6),
(5, 7),
(6, 8),
(7, 9),
(8, 10),
(9, 11),
(9, 12),
(10, 13),
(10, 14),
(11, 15),
(11, 16),
(12, 17),
(12, 18),
(13, 19),
(13, 20),
(14, 21),
(14, 22),
(15, 23),
(15, 24),
(16, 25),
(16, 26),
(17, 27),
(17, 28),
(18, 29),
(18, 30),
(19, 31),
(19, 32),
(20, 33),
(20, 34),
(21, 35),
(21, 36),
(22, 37),
(22, 38),
(23, 39),
(23, 40),
(24, 41),
(24, 42),
(25, 43),
(25, 44),
(26, 45),
(26, 46),
(27, 47),
(27, 48),
(28, 49),
(28, 50),
(29, 51),
(29, 52),
(30, 53),
(30, 54),
(31, 55),
(31, 56),
(32, 57),
(32, 58),
(33, 59),
(33, 60),
(34, 61),
(34, 62),
(35, 63),
(35, 64),
(36, 65),
(36, 66),
(37, 67),
(37, 68),
(38, 69),
(38, 70);

-- --------------------------------------------------------

--
-- Structure de la table `equipment`
--

DROP TABLE IF EXISTS `equipment`;
CREATE TABLE IF NOT EXISTS `equipment` (
  `idEquip` int(11) NOT NULL AUTO_INCREMENT,
  `pitLatrine` int(11) DEFAULT NULL,
  `waterCloset` int(11) DEFAULT NULL,
  `otherLatrine` int(11) DEFAULT NULL,
  `noLatrine` int(11) DEFAULT NULL,
  PRIMARY KEY (`idEquip`)
) ENGINE=InnoDB AUTO_INCREMENT=128 DEFAULT CHARSET=utf8;

--
-- Déchargement des données de la table `equipment`
--

INSERT INTO `equipment` (`idEquip`, `pitLatrine`, `waterCloset`, `otherLatrine`, `noLatrine`) VALUES
(1, 809705, 1093148, 397842, 10375523),
(2, 630179, 1960525, 667807, 915128),
(3, 39513, 9940, 28418, 86630),
(4, 15434, 13499, 12903, 6278),
(5, 1979800, 363519, 170485, 1706369),
(6, 188702, 421092, 66741, 38650),
(7, 755668, 526492, 479431, 10898416),
(8, 150391, 574602, 196767, 400823),
(9, 59659, 61434, 52901, 3185084),
(10, 40676, 306495, 68034, 374235),
(11, 26636, 29316, 11911, 72892),
(12, 25948, 53831, 16080, 42602),
(13, 475894, 663847, 134782, 4611438),
(14, 366410, 2334150, 326408, 731060),
(15, 502207, 51845, 149461, 1750950),
(16, 284714, 333201, 249377, 207887),
(17, 164167, 70258, 69777, 793318),
(18, 17166, 71153, 22197, 32597),
(19, 190753, 33450, 261231, 675923),
(20, 78751, 103602, 156815, 51243),
(21, 80582, 84693, 84517, 3552620),
(22, 78521, 437172, 191197, 353288),
(23, 632514, 311500, 217245, 5513914),
(24, 736283, 1595616, 343868, 881193),
(25, 631664, 3063983, 324374, 922529),
(26, 183557, 1235462, 101728, 131909),
(27, 315561, 213056, 197601, 7398577),
(28, 332437, 1148702, 412089, 901630),
(29, 1124458, 585470, 292008, 8991687),
(30, 571036, 3580166, 535330, 3382994),
(31, 198029, 13708, 17925, 66692),
(32, 67834, 20815, 7904, 4749),
(33, 98370, 12339, 21490, 197479),
(34, 30005, 39435, 13505, 7623),
(35, 55677, 3271, 4337, 16077),
(36, 44477, 28170, 7353, 1604),
(37, 125410, 15705, 30410, 93809),
(38, 27000, 13255, 22539, 3922),
(39, 209472, 223290, 90510, 6259607),
(40, 103055, 468113, 77767, 438313),
(41, 731747, 177292, 226487, 1639936),
(42, 305813, 692949, 290145, 200787),
(43, 579921, 227428, 238036, 6111318),
(44, 397910, 886868, 378726, 522087),
(45, 27296, 22326, 4816, 37285),
(46, 251, 11322, 373, 1069),
(47, 377122, 609067, 201730, 7086871),
(48, 658193, 2682181, 454527, 2103935),
(49, 356303, 24631, 39650, 119096),
(50, 54806, 52763, 11051, 3723),
(51, 1716646, 401200, 1840724, 16631504),
(52, 934442, 1653335, 1549079, 1033671),
(53, 192541, 85770, 99685, 818161),
(54, 104258, 159255, 75478, 51173),
(55, 1712827, 778345, 514682, 8156016),
(56, 1042595, 2513682, 307646, 690122),
(57, 6154, 9127, 5737, 28635),
(58, 1578, 13739, 2589, 5503),
(59, 1363, 10137, 3098, 6704),
(60, 1849, 127789, 14950, 35988),
(61, 74, 5538, 67, 27104),
(62, 388, 8010, 241, 2551),
(63, 2069, 4468, 537, 15017),
(64, 419, 7418, 179, 4235),
(65, 55767, 32255, 18586, 62920),
(66, 362087, 1129239, 393275, 500020),
(67, 20, 4881, 83, 367),
(68, 30, 2729, 499, 631),
(69, 708, 14325, 434, 56732),
(70, 2994, 81057, 4692, 47713);

-- --------------------------------------------------------

--
-- Structure de la table `matenvi`
--

DROP TABLE IF EXISTS `matenvi`;
CREATE TABLE IF NOT EXISTS `matenvi` (
  `idEnvi` int(11) DEFAULT NULL,
  `idMat` int(11) DEFAULT NULL,
  UNIQUE KEY `idEnvi` (`idEnvi`,`idMat`)
) ENGINE=InnoDB DEFAULT CHARSET=utf8;

--
-- Déchargement des données de la table `matenvi`
--

INSERT INTO `matenvi` (`idEnvi`, `idMat`) VALUES
(1, 1),
(1, 2),
(2, 3),
(2, 4),
(3, 5),
(3, 6),
(6, 7),
(6, 8),
(8, 9),
(8, 10),
(9, 11),
(9, 12),
(10, 13),
(10, 14),
(11, 15),
(11, 16),
(12, 17),
(12, 18),
(13, 19),
(13, 20),
(14, 21),
(14, 22),
(15, 23),
(15, 24),
(16, 25),
(16, 26),
(17, 27),
(17, 28),
(18, 29),
(18, 30),
(19, 31),
(19, 32),
(20, 33),
(20, 34),
(21, 35),
(21, 36),
(22, 37),
(22, 38),
(23, 39),
(23, 40),
(24, 41),
(24, 42),
(25, 43),
(25, 44),
(26, 45),
(26, 46),
(27, 47),
(27, 48),
(28, 49),
(28, 50),
(29, 51),
(29, 52),
(30, 53),
(30, 54),
(31, 55),
(31, 56),
(32, 57),
(32, 58),
(33, 59),
(33, 60),
(34, 61),
(34, 62),
(35, 63),
(35, 64),
(36, 65),
(36, 66),
(37, 67),
(37, 68),
(38, 69),
(38, 70);

-- --------------------------------------------------------

--
-- Structure de la table `materials`
--

DROP TABLE IF EXISTS `materials`;
CREATE TABLE IF NOT EXISTS `materials` (
  `idMat` int(11) NOT NULL AUTO_INCREMENT,
  `mud` int(11) DEFAULT NULL,
  `wood` int(11) DEFAULT NULL,
  `brick` int(11) DEFAULT NULL,
  `stone` int(11) DEFAULT NULL,
  `cement` int(11) DEFAULT NULL,
  `mosaic` int(11) DEFAULT NULL,
  `any` int(11) DEFAULT NULL,
  PRIMARY KEY (`idMat`)
) ENGINE=InnoDB AUTO_INCREMENT=128 DEFAULT CHARSET=utf8;

--
-- Déchargement des données de la table `materials`
--

INSERT INTO `materials` (`idMat`, `mud`, `wood`, `brick`, `stone`, `cement`, `mosaic`, `any`) VALUES
(1, 7997880, 45420, 94488, 3829081, 2931084, 84033, 48655),
(2, 496367, 10447, 28101, 2362869, 1558039, 473033, 50847),
(3, 62617, 116707, 292, 401, 37272, 89, 388),
(4, 20571, 10794, 309, 377, 33669, 147, 127),
(5, 4536303, 190347, 49671, 19399, 387350, 8810, 2410),
(6, 389088, 18905, 27090, 11562, 503712, 23629, 718),
(7, 12768815, 86920, 344648, 35388, 1305839, 27232, 7064),
(8, 621004, 13685, 82412, 10721, 948452, 63331, 1016),
(9, 3591454, 7716, 9415, 149724, 248636, 8881, 1896),
(10, 353191, 2506, 6200, 127069, 423907, 67147, 984),
(11, 105529, 391, 850, 1245, 77329, 38726, 613),
(12, 36384, 704, 1034, 1393, 99997, 93363, 1310),
(13, 4452316, 19276, 33951, 327585, 1819712, 857525, 14808),
(14, 376692, 13349, 21264, 568100, 1357705, 2558329, 26383),
(15, 1916218, 5375, 520770, 35181, 1003792, 56099, 7049),
(16, 220096, 3282, 155829, 78591, 976468, 119526, 7999),
(17, 1297320, 228996, 6528, 50324, 571209, 10132, 3830),
(18, 28127, 7030, 1518, 1879, 192280, 9034, 715),
(19, 1555302, 151794, 9660, 8926, 391929, 4661, 3214),
(20, 130680, 20299, 5125, 3239, 464219, 17996, 1508),
(21, 3801701, 6243, 48437, 6281, 619037, 4861, 2647),
(22, 339473, 6704, 27843, 4361, 935525, 34438, 971),
(23, 4910985, 41439, 41400, 1418565, 2407358, 132880, 45854),
(24, 534482, 17031, 23660, 853468, 2467362, 912206, 23406),
(25, 1791236, 21667, 53279, 80733, 4505922, 392957, 48982),
(26, 284427, 5094, 22466, 17821, 1716511, 378387, 37392),
(27, 9209664, 18594, 45042, 321367, 654200, 131912, 11758),
(28, 1103837, 12342, 25222, 512506, 1349038, 615130, 8734),
(29, 10777153, 64916, 105431, 533788, 1126947, 1658651, 142109),
(30, 1412513, 48147, 74552, 551808, 2530113, 6316465, 258796),
(31, 286826, 48365, 2112, 1671, 22342, 586, 127),
(32, 92392, 2604, 2237, 1344, 30153, 1426, 186),
(33, 173749, 167671, 1588, 1209, 55987, 370, 818),
(34, 16345, 40313, 431, 792, 59981, 1020, 328),
(35, 7330, 76349, 83, 106, 7142, 4, 174),
(36, 7194, 56040, 164, 105, 34948, 249, 181),
(37, 187841, 68061, 1573, 1379, 35331, 551, 182),
(38, 25835, 13717, 577, 391, 43670, 1181, 56),
(39, 6507071, 72064, 78575, 39601, 1661232, 13539, 6425),
(40, 391466, 35953, 16897, 6799, 992842, 48400, 2165),
(41, 1907982, 6549, 655972, 104777, 1063286, 59930, 6579),
(42, 288532, 5585, 342473, 283772, 1149899, 81937, 10203),
(43, 5634567, 17450, 133296, 879243, 2892857, 124357, 55774),
(44, 358679, 6368, 75403, 676792, 1704100, 353253, 25594),
(45, 44708, 24060, 204, 2225, 38078, 475, 205),
(46, 637, 1039, 25, 56, 16250, 876, 5),
(47, 4178613, 12476, 181770, 44746, 5095522, 199742, 11842),
(48, 955203, 9546, 148668, 31472, 5024425, 1080325, 22254),
(49, 618452, 30644, 11307, 831, 39045, 674, 202),
(50, 83829, 1220, 7774, 737, 66737, 1638, 93),
(51, 23548929, 82547, 1135947, 97578, 2180738, 115504, 17740),
(52, 1766174, 31881, 827258, 144213, 3924493, 416239, 12214),
(53, 1389703, 52751, 21658, 71481, 461179, 12953, 2905),
(54, 75802, 3384, 12336, 5481, 404278, 51714, 657),
(55, 11441120, 151907, 415797, 50849, 2307003, 30558, 16077),
(56, 1245696, 59323, 194141, 29636, 3872338, 318914, 6798),
(57, 34822, 5077, 121, 181, 31392, 91, 152),
(58, 2660, 1478, 136, 108, 27636, 343, 25),
(59, 2605, 52, 1265, 118, 22095, 269, 24),
(60, 23578, 279, 4111, 5703, 160327, 20269, 3439),
(61, 25886, 36, 295, 404, 8108, 6086, 109),
(62, 2391, 31, 166, 481, 5950, 7381, 179),
(63, 5494, 88, 77, 308, 21840, 6453, 55),
(64, 787, 81, 102, 542, 8978, 9032, 65),
(65, 47809, 311, 24879, 4947, 147382, 18494, 866),
(66, 213832, 4790, 120231, 92931, 2266101, 427073, 10310),
(67, 1390, 1, 12, 3, 7759, 261, 33),
(68, 753, 2, 9, 4, 5830, 338, 212),
(69, 36591, 88, 600, 227, 49992, 2440, 41),
(70, 25155, 203, 928, 428, 120156, 29677, 680);

-- --------------------------------------------------------

--
-- Structure de la table `state`
--

DROP TABLE IF EXISTS `state`;
CREATE TABLE IF NOT EXISTS `state` (
  `idState` int(11) NOT NULL AUTO_INCREMENT,
  `libState` varchar(125) NOT NULL,
  PRIMARY KEY (`idState`)
) ENGINE=InnoDB AUTO_INCREMENT=64 DEFAULT CHARSET=utf8;

--
-- Déchargement des données de la table `state`
--

INSERT INTO `state` (`idState`, `libState`) VALUES
(1, 'STATE - ANDHRA PRADESH 28'),
(2, 'STATE - ARUNACHAL PRADESH 12'),
(3, 'STATE - ASSAM 18'),
(4, 'STATE – ASSAM 18'),
(5, 'STATE – BIHAR 10'),
(6, 'STATE - BIHAR 10'),
(7, 'STATE – CHHATTISGARH 22'),
(8, 'STATE - CHHATTISGARH 22'),
(9, 'STATE - GOA 30'),
(10, 'STATE - GUJARAT 24'),
(11, 'STATE - HARYANA 06'),
(12, 'STATE - HIMACHAL PRADESH 02'),
(13, 'STATE - JAMMU & KASHMIR 01'),
(14, 'STATE - JHARKHAND 20'),
(15, 'STATE - KARNATAKA 29'),
(16, 'STATE - KERALA 32'),
(17, 'STATE - MADHYA PRADESH 23'),
(18, 'STATE - MAHARASHTRA 27'),
(19, 'STATE - MANIPUR 14'),
(20, 'STATE - MEGHALAYA 17'),
(21, 'STATE - MIZORAM 15'),
(22, 'STATE - NAGALAND 13'),
(23, 'STATE - ORISSA 21'),
(24, 'STATE - PUNJAB 03'),
(25, 'STATE - RAJASTHAN 08'),
(26, 'STATE - SIKKIM 11'),
(27, 'STATE - TAMIL NADU 33'),
(28, 'STATE - TRIPURA 16'),
(29, 'STATE - UTTAR PRADESH 09'),
(30, 'STATE - UTTARANCHAL 05'),
(31, 'STATE - WEST BENGAL 19'),
(32, 'UNION TERRITORY - ANDAMAN & NICOBAR ISLANDS 35'),
(33, 'UNION TERRITORY - CHANDIGARH 04'),
(34, 'UNION TERRITORY - DADRA & NAGAR HAVELI 26'),
(35, 'UNION TERRITORY - DAMAN & DIU 25'),
(36, 'UNION TERRITORY - DELHI 07'),
(37, 'UNION TERRITORY - LAKSHADWEEP 31'),
(38, 'UNION TERRITORY - PONDICHERRY 34');

-- --------------------------------------------------------

--
-- Structure de la table `tempmat`
--

DROP TABLE IF EXISTS `tempmat`;
CREATE TABLE IF NOT EXISTS `tempmat` (
  `idtempmat` int(11) NOT NULL AUTO_INCREMENT,
  `state` varchar(128) NOT NULL,
  `type` varchar(45) NOT NULL,
  `mud` int(11) DEFAULT NULL,
  `wood` int(11) DEFAULT NULL,
  `brick` int(11) DEFAULT NULL,
  `stone` int(11) DEFAULT NULL,
  `cement` int(11) DEFAULT NULL,
  `mosaic` int(11) DEFAULT NULL,
  `any` int(11) DEFAULT NULL,
  PRIMARY KEY (`idtempmat`)
) ENGINE=InnoDB AUTO_INCREMENT=71 DEFAULT CHARSET=utf8;

--
-- Déchargement des données de la table `tempmat`
--

INSERT INTO `tempmat` (`idtempmat`, `state`, `type`, `mud`, `wood`, `brick`, `stone`, `cement`, `mosaic`, `any`) VALUES
(1, 'STATE - ANDHRA PRADESH 28', 'Rural', 7997880, 45420, 94488, 3829081, 2931084, 84033, 48655),
(2, 'STATE - ANDHRA PRADESH 28', 'Urban', 496367, 10447, 28101, 2362869, 1558039, 473033, 50847),
(3, 'STATE - ARUNACHAL PRADESH 12', 'Rural', 62617, 116707, 292, 401, 37272, 89, 388),
(4, 'STATE - ARUNACHAL PRADESH 12', 'Urban', 20571, 10794, 309, 377, 33669, 147, 127),
(5, 'STATE - ASSAM 18', 'Rural', 4536303, 190347, 49671, 19399, 387350, 8810, 2410),
(6, 'STATE - ASSAM 18', 'Urban', 389088, 18905, 27090, 11562, 503712, 23629, 718),
(7, 'STATE - BIHAR 10', 'Rural', 12768815, 86920, 344648, 35388, 1305839, 27232, 7064),
(8, 'STATE - BIHAR 10', 'Urban', 621004, 13685, 82412, 10721, 948452, 63331, 1016),
(9, 'STATE - CHHATTISGARH 22', 'Rural', 3591454, 7716, 9415, 149724, 248636, 8881, 1896),
(10, 'STATE - CHHATTISGARH 22', 'Urban', 353191, 2506, 6200, 127069, 423907, 67147, 984),
(11, 'STATE - GOA 30', 'Rural', 105529, 391, 850, 1245, 77329, 38726, 613),
(12, 'STATE - GOA 30', 'Urban', 36384, 704, 1034, 1393, 99997, 93363, 1310),
(13, 'STATE - GUJARAT 24', 'Rural', 4452316, 19276, 33951, 327585, 1819712, 857525, 14808),
(14, 'STATE - GUJARAT 24', 'Urban', 376692, 13349, 21264, 568100, 1357705, 2558329, 26383),
(15, 'STATE - HARYANA 06', 'Rural', 1916218, 5375, 520770, 35181, 1003792, 56099, 7049),
(16, 'STATE - HARYANA 06', 'Urban', 220096, 3282, 155829, 78591, 976468, 119526, 7999),
(17, 'STATE - HIMACHAL PRADESH 02', 'Rural', 1297320, 228996, 6528, 50324, 571209, 10132, 3830),
(18, 'STATE - HIMACHAL PRADESH 02', 'Urban', 28127, 7030, 1518, 1879, 192280, 9034, 715),
(19, 'STATE - JAMMU & KASHMIR 01', 'Rural', 1555302, 151794, 9660, 8926, 391929, 4661, 3214),
(20, 'STATE - JAMMU & KASHMIR 01', 'Urban', 130680, 20299, 5125, 3239, 464219, 17996, 1508),
(21, 'STATE - JHARKHAND 20', 'Rural', 3801701, 6243, 48437, 6281, 619037, 4861, 2647),
(22, 'STATE - JHARKHAND 20', 'Urban', 339473, 6704, 27843, 4361, 935525, 34438, 971),
(23, 'STATE - KARNATAKA 29', 'Rural', 4910985, 41439, 41400, 1418565, 2407358, 132880, 45854),
(24, 'STATE - KARNATAKA 29', 'Urban', 534482, 17031, 23660, 853468, 2467362, 912206, 23406),
(25, 'STATE - KERALA 32', 'Rural', 1791236, 21667, 53279, 80733, 4505922, 392957, 48982),
(26, 'STATE - KERALA 32', 'Urban', 284427, 5094, 22466, 17821, 1716511, 378387, 37392),
(27, 'STATE - MADHYA PRADESH 23', 'Rural', 9209664, 18594, 45042, 321367, 654200, 131912, 11758),
(28, 'STATE - MADHYA PRADESH 23', 'Urban', 1103837, 12342, 25222, 512506, 1349038, 615130, 8734),
(29, 'STATE - MAHARASHTRA 27', 'Rural', 10777153, 64916, 105431, 533788, 1126947, 1658651, 142109),
(30, 'STATE - MAHARASHTRA 27', 'Urban', 1412513, 48147, 74552, 551808, 2530113, 6316465, 258796),
(31, 'STATE - MANIPUR 14', 'Rural', 286826, 48365, 2112, 1671, 22342, 586, 127),
(32, 'STATE - MANIPUR 14', 'Urban', 92392, 2604, 2237, 1344, 30153, 1426, 186),
(33, 'STATE - MEGHALAYA 17', 'Rural', 173749, 167671, 1588, 1209, 55987, 370, 818),
(34, 'STATE - MEGHALAYA 17', 'Urban', 16345, 40313, 431, 792, 59981, 1020, 328),
(35, 'STATE - MIZORAM 15', 'Rural', 7330, 76349, 83, 106, 7142, 4, 174),
(36, 'STATE - MIZORAM 15', 'Urban', 7194, 56040, 164, 105, 34948, 249, 181),
(37, 'STATE - NAGALAND 13', 'Rural', 187841, 68061, 1573, 1379, 35331, 551, 182),
(38, 'STATE - NAGALAND 13', 'Urban', 25835, 13717, 577, 391, 43670, 1181, 56),
(39, 'STATE - ORISSA 21', 'Rural', 6507071, 72064, 78575, 39601, 1661232, 13539, 6425),
(40, 'STATE - ORISSA 21', 'Urban', 391466, 35953, 16897, 6799, 992842, 48400, 2165),
(41, 'STATE - PUNJAB 03', 'Rural', 1907982, 6549, 655972, 104777, 1063286, 59930, 6579),
(42, 'STATE - PUNJAB 03', 'Urban', 288532, 5585, 342473, 283772, 1149899, 81937, 10203),
(43, 'STATE - RAJASTHAN 08', 'Rural', 5634567, 17450, 133296, 879243, 2892857, 124357, 55774),
(44, 'STATE - RAJASTHAN 08', 'Urban', 358679, 6368, 75403, 676792, 1704100, 353253, 25594),
(45, 'STATE - SIKKIM 11', 'Rural', 44708, 24060, 204, 2225, 38078, 475, 205),
(46, 'STATE - SIKKIM 11', 'Urban', 637, 1039, 25, 56, 16250, 876, 5),
(47, 'STATE - TAMIL NADU 33', 'Rural', 4178613, 12476, 181770, 44746, 5095522, 199742, 11842),
(48, 'STATE - TAMIL NADU 33', 'Urban', 955203, 9546, 148668, 31472, 5024425, 1080325, 22254),
(49, 'STATE - TRIPURA 16', 'Rural', 618452, 30644, 11307, 831, 39045, 674, 202),
(50, 'STATE - TRIPURA 16', 'Urban', 83829, 1220, 7774, 737, 66737, 1638, 93),
(51, 'STATE - UTTAR PRADESH 09', 'Rural', 23548929, 82547, 1135947, 97578, 2180738, 115504, 17740),
(52, 'STATE - UTTAR PRADESH 09', 'Urban', 1766174, 31881, 827258, 144213, 3924493, 416239, 12214),
(53, 'STATE - UTTARANCHAL 05', 'Rural', 1389703, 52751, 21658, 71481, 461179, 12953, 2905),
(54, 'STATE - UTTARANCHAL 05', 'Urban', 75802, 3384, 12336, 5481, 404278, 51714, 657),
(55, 'STATE - WEST BENGAL 19', 'Rural', 11441120, 151907, 415797, 50849, 2307003, 30558, 16077),
(56, 'STATE - WEST BENGAL 19', 'Urban', 1245696, 59323, 194141, 29636, 3872338, 318914, 6798),
(57, 'UNION TERRITORY - ANDAMAN & NICOBAR ISLANDS 35', 'Rural', 34822, 5077, 121, 181, 31392, 91, 152),
(58, 'UNION TERRITORY - ANDAMAN & NICOBAR ISLANDS 35', 'Urban', 2660, 1478, 136, 108, 27636, 343, 25),
(59, 'UNION TERRITORY - CHANDIGARH 04', 'Rural', 2605, 52, 1265, 118, 22095, 269, 24),
(60, 'UNION TERRITORY - CHANDIGARH 04', 'Urban', 23578, 279, 4111, 5703, 160327, 20269, 3439),
(61, 'UNION TERRITORY - DADRA & NAGAR HAVELI 26', 'Rural', 25886, 36, 295, 404, 8108, 6086, 109),
(62, 'UNION TERRITORY - DADRA & NAGAR HAVELI 26', 'Urban', 2391, 31, 166, 481, 5950, 7381, 179),
(63, 'UNION TERRITORY - DAMAN & DIU 25', 'Rural', 5494, 88, 77, 308, 21840, 6453, 55),
(64, 'UNION TERRITORY - DAMAN & DIU 25', 'Urban', 787, 81, 102, 542, 8978, 9032, 65),
(65, 'UNION TERRITORY - DELHI 07', 'Rural', 47809, 311, 24879, 4947, 147382, 18494, 866),
(66, 'UNION TERRITORY - DELHI 07', 'Urban', 213832, 4790, 120231, 92931, 2266101, 427073, 10310),
(67, 'UNION TERRITORY - LAKSHADWEEP 31', 'Rural', 1390, 1, 12, 3, 7759, 261, 33),
(68, 'UNION TERRITORY - LAKSHADWEEP 31', 'Urban', 753, 2, 9, 4, 5830, 338, 212),
(69, 'UNION TERRITORY - PONDICHERRY 34', 'Rural', 36591, 88, 600, 227, 49992, 2440, 41),
(70, 'UNION TERRITORY - PONDICHERRY 34', 'Urban', 25155, 203, 928, 428, 120156, 29677, 680);

-- --------------------------------------------------------

--
-- Structure de la table `tempstate`
--

DROP TABLE IF EXISTS `tempstate`;
CREATE TABLE IF NOT EXISTS `tempstate` (
  `idtempstate` int(11) NOT NULL AUTO_INCREMENT,
  `state` varchar(128) NOT NULL,
  `type` varchar(45) NOT NULL,
  `pitLatrine` int(11) DEFAULT NULL,
  `waterCloset` int(11) DEFAULT NULL,
  `otherLatrine` int(11) DEFAULT NULL,
  `noLatrine` int(11) DEFAULT NULL,
  PRIMARY KEY (`idtempstate`)
) ENGINE=InnoDB AUTO_INCREMENT=71 DEFAULT CHARSET=utf8;

--
-- Déchargement des données de la table `tempstate`
--

INSERT INTO `tempstate` (`idtempstate`, `state`, `type`, `pitLatrine`, `waterCloset`, `otherLatrine`, `noLatrine`) VALUES
(1, 'STATE - ANDHRA PRADESH 28', 'Rural', 809705, 1093148, 397842, 10375523),
(2, 'STATE - ANDHRA PRADESH 28', 'Urban', 630179, 1960525, 667807, 915128),
(3, 'STATE - ARUNACHAL PRADESH 12', 'Rural', 39513, 9940, 28418, 86630),
(4, 'STATE - ARUNACHAL PRADESH 12', 'Urban', 15434, 13499, 12903, 6278),
(5, 'STATE - ASSAM 18', 'Rural', 1979800, 363519, 170485, 1706369),
(6, 'STATE – ASSAM 18', 'Urban', 188702, 421092, 66741, 38650),
(7, 'STATE – BIHAR 10', 'Rural', 755668, 526492, 479431, 10898416),
(8, 'STATE - BIHAR 10', 'Urban', 150391, 574602, 196767, 400823),
(9, 'STATE – CHHATTISGARH 22', 'Rural', 59659, 61434, 52901, 3185084),
(10, 'STATE - CHHATTISGARH 22', 'Urban', 40676, 306495, 68034, 374235),
(11, 'STATE - GOA 30', 'Rural', 26636, 29316, 11911, 72892),
(12, 'STATE - GOA 30', 'Urban', 25948, 53831, 16080, 42602),
(13, 'STATE - GUJARAT 24', 'Rural', 475894, 663847, 134782, 4611438),
(14, 'STATE - GUJARAT 24', 'Urban', 366410, 2334150, 326408, 731060),
(15, 'STATE - HARYANA 06', 'Rural', 502207, 51845, 149461, 1750950),
(16, 'STATE - HARYANA 06', 'Urban', 284714, 333201, 249377, 207887),
(17, 'STATE - HIMACHAL PRADESH 02', 'Rural', 164167, 70258, 69777, 793318),
(18, 'STATE - HIMACHAL PRADESH 02', 'Urban', 17166, 71153, 22197, 32597),
(19, 'STATE - JAMMU & KASHMIR 01', 'Rural', 190753, 33450, 261231, 675923),
(20, 'STATE - JAMMU & KASHMIR 01', 'Urban', 78751, 103602, 156815, 51243),
(21, 'STATE - JHARKHAND 20', 'Rural', 80582, 84693, 84517, 3552620),
(22, 'STATE - JHARKHAND 20', 'Urban', 78521, 437172, 191197, 353288),
(23, 'STATE - KARNATAKA 29', 'Rural', 632514, 311500, 217245, 5513914),
(24, 'STATE - KARNATAKA 29', 'Urban', 736283, 1595616, 343868, 881193),
(25, 'STATE - KERALA 32', 'Rural', 631664, 3063983, 324374, 922529),
(26, 'STATE - KERALA 32', 'Urban', 183557, 1235462, 101728, 131909),
(27, 'STATE - MADHYA PRADESH 23', 'Rural', 315561, 213056, 197601, 7398577),
(28, 'STATE - MADHYA PRADESH 23', 'Urban', 332437, 1148702, 412089, 901630),
(29, 'STATE - MAHARASHTRA 27', 'Rural', 1124458, 585470, 292008, 8991687),
(30, 'STATE - MAHARASHTRA 27', 'Urban', 571036, 3580166, 535330, 3382994),
(31, 'STATE - MANIPUR 14', 'Rural', 198029, 13708, 17925, 66692),
(32, 'STATE - MANIPUR 14', 'Urban', 67834, 20815, 7904, 4749),
(33, 'STATE - MEGHALAYA 17', 'Rural', 98370, 12339, 21490, 197479),
(34, 'STATE - MEGHALAYA 17', 'Urban', 30005, 39435, 13505, 7623),
(35, 'STATE - MIZORAM 15', 'Rural', 55677, 3271, 4337, 16077),
(36, 'STATE - MIZORAM 15', 'Urban', 44477, 28170, 7353, 1604),
(37, 'STATE - NAGALAND 13', 'Rural', 125410, 15705, 30410, 93809),
(38, 'STATE - NAGALAND 13', 'Urban', 27000, 13255, 22539, 3922),
(39, 'STATE - ORISSA 21', 'Rural', 209472, 223290, 90510, 6259607),
(40, 'STATE - ORISSA 21', 'Urban', 103055, 468113, 77767, 438313),
(41, 'STATE - PUNJAB 03', 'Rural', 731747, 177292, 226487, 1639936),
(42, 'STATE - PUNJAB 03', 'Urban', 305813, 692949, 290145, 200787),
(43, 'STATE - RAJASTHAN 08', 'Rural', 579921, 227428, 238036, 6111318),
(44, 'STATE - RAJASTHAN 08', 'Urban', 397910, 886868, 378726, 522087),
(45, 'STATE - SIKKIM 11', 'Rural', 27296, 22326, 4816, 37285),
(46, 'STATE - SIKKIM 11', 'Urban', 251, 11322, 373, 1069),
(47, 'STATE - TAMIL NADU 33', 'Rural', 377122, 609067, 201730, 7086871),
(48, 'STATE - TAMIL NADU 33', 'Urban', 658193, 2682181, 454527, 2103935),
(49, 'STATE - TRIPURA 16', 'Rural', 356303, 24631, 39650, 119096),
(50, 'STATE - TRIPURA 16', 'Urban', 54806, 52763, 11051, 3723),
(51, 'STATE - UTTAR PRADESH 09', 'Rural', 1716646, 401200, 1840724, 16631504),
(52, 'STATE - UTTAR PRADESH 09', 'Urban', 934442, 1653335, 1549079, 1033671),
(53, 'STATE - UTTARANCHAL 05', 'Rural', 192541, 85770, 99685, 818161),
(54, 'STATE - UTTARANCHAL 05', 'Urban', 104258, 159255, 75478, 51173),
(55, 'STATE - WEST BENGAL 19', 'Rural', 1712827, 778345, 514682, 8156016),
(56, 'STATE - WEST BENGAL 19', 'Urban', 1042595, 2513682, 307646, 690122),
(57, 'UNION TERRITORY - ANDAMAN & NICOBAR ISLANDS 35', 'Rural', 6154, 9127, 5737, 28635),
(58, 'UNION TERRITORY - ANDAMAN & NICOBAR ISLANDS 35', 'Urban', 1578, 13739, 2589, 5503),
(59, 'UNION TERRITORY - CHANDIGARH 04', 'Rural', 1363, 10137, 3098, 6704),
(60, 'UNION TERRITORY - CHANDIGARH 04', 'Urban', 1849, 127789, 14950, 35988),
(61, 'UNION TERRITORY - DADRA & NAGAR HAVELI 26', 'Rural', 74, 5538, 67, 27104),
(62, 'UNION TERRITORY - DADRA & NAGAR HAVELI 26', 'Urban', 388, 8010, 241, 2551),
(63, 'UNION TERRITORY - DAMAN & DIU 25', 'Rural', 2069, 4468, 537, 15017),
(64, 'UNION TERRITORY - DAMAN & DIU 25', 'Urban', 419, 7418, 179, 4235),
(65, 'UNION TERRITORY - DELHI 07', 'Rural', 55767, 32255, 18586, 62920),
(66, 'UNION TERRITORY - DELHI 07', 'Urban', 362087, 1129239, 393275, 500020),
(67, 'UNION TERRITORY - LAKSHADWEEP 31', 'Rural', 20, 4881, 83, 367),
(68, 'UNION TERRITORY - LAKSHADWEEP 31', 'Urban', 30, 2729, 499, 631),
(69, 'UNION TERRITORY - PONDICHERRY 34', 'Rural', 708, 14325, 434, 56732),
(70, 'UNION TERRITORY - PONDICHERRY 34', 'Urban', 2994, 81057, 4692, 47713);

-- --------------------------------------------------------

--
-- Structure de la table `type`
--

DROP TABLE IF EXISTS `type`;
CREATE TABLE IF NOT EXISTS `type` (
  `idType` int(11) NOT NULL AUTO_INCREMENT,
  `libType` varchar(45) NOT NULL,
  PRIMARY KEY (`idType`)
) ENGINE=InnoDB AUTO_INCREMENT=4 DEFAULT CHARSET=utf8;

--
-- Déchargement des données de la table `type`
--

INSERT INTO `type` (`idType`, `libType`) VALUES
(1, 'Rural'),
(2, 'Urban');
COMMIT;

/*!40101 SET CHARACTER_SET_CLIENT=@OLD_CHARACTER_SET_CLIENT */;
/*!40101 SET CHARACTER_SET_RESULTS=@OLD_CHARACTER_SET_RESULTS */;
/*!40101 SET COLLATION_CONNECTION=@OLD_COLLATION_CONNECTION */;
